{
    "__copyright__": "Zesp� Szk� Komunikacji",
    "__author__": "Marcel Jaruzal 4c",
    "data": [
        {
            "Jan Nowak (20)": {
                "Matematyka": {
                    "Oceny": "5, 2, 5, 5, 5, 3, 2, 2, 4, 5, 3, 3, 6, 5",
                    "Srednia": 3.93,
                    "Ocena roczna": 4
                },
                "Informatyka": {
                    "Oceny": "1, 1, 6, 6, 5, 6, 6, 5, 5, 6, 5, 3, 5, 5",
                    "Srednia": 4.64,
                    "Ocena roczna": 4
                },
                "Fizyka": {
                    "Oceny": "1, 6, 2, 3, 3, 2, 5, 3, 1, 5, 2, 3, 2, 6",
                    "Srednia": 3.14,
                    "Ocena roczna": 3
                },
                "Biologia": {
                    "Oceny": "1, 1, 2, 5, 3, 5, 1, 2, 4, 2, 5, 2, 3, 6",
                    "Srednia": 3.0,
                    "Ocena roczna": 3
                }
            }
        },
        {
            "Anna Kowalska (19)": {
                "Matematyka": {
                    "Oceny": "3, 2, 5, 5, 2, 6, 4, 2, 6, 2, 6, 4, 1, 4",
                    "Srednia": 3.71,
                    "Ocena roczna": 4
                },
                "Informatyka": {
                    "Oceny": "6, 4, 4, 2, 3, 5, 1, 3, 5, 5, 4, 3, 5, 1",
                    "Srednia": 3.64,
                    "Ocena roczna": 3
                },
                "Fizyka": {
                    "Oceny": "5, 1, 5, 1, 5, 3, 2, 2, 6, 4, 5, 3, 2, 6",
                    "Srednia": 3.57,
                    "Ocena roczna": 3
                },
                "Biologia": {
                    "Oceny": "1, 4, 5, 5, 2, 2, 1, 4, 3, 3, 5, 4, 2, 6",
                    "Srednia": 3.36,
                    "Ocena roczna": 3
                }
            }
        },
        {
            "Maja Adamczyk (18)": {
                "Matematyka": {
                    "Oceny": "2, 1, 3, 6, 6, 2, 1, 4, 3, 5, 6, 2, 1, 6",
                    "Srednia": 3.43,
                    "Ocena roczna": 3
                },
                "Informatyka": {
                    "Oceny": "1, 5, 6, 4, 5, 6, 2, 2, 2, 2, 6, 5, 1, 4",
                    "Srednia": 3.64,
                    "Ocena roczna": 3
                },
                "Fizyka": {
                    "Oceny": "3, 1, 3, 6, 2, 6, 1, 3, 1, 2, 6, 5, 5, 1",
                    "Srednia": 3.21,
                    "Ocena roczna": 3
                },
                "Biologia": {
                    "Oceny": "1, 2, 5, 4, 3, 5, 2, 3, 1, 2, 4, 4, 6, 4",
                    "Srednia": 3.29,
                    "Ocena roczna": 3
                }
            }
        }
    ]
}